-96.5871000,39.1855000,-96.5750000,39.1919000
3659517448,6432729893,0.012
3659517448,121995147,0.030
121995147,3659517448,0.030
6432729893,9584124278,0.012
6432729893,3659517448,0.012
9584124278,6235391021,0.030
9584124278,6432729893,0.012
6235391021,9347940951,0.000
6235391021,9584124278,0.030
9347940951,9347940952,0.005
9347940951,6235391021,0.000
9347940952,121996364,0.001
9347940952,9347940951,0.005
121996364,3659540652,0.003
121996364,9347940952,0.001
3659540652,6235391022,0.002
3659540652,121996364,0.003
6235391022,121996369,0.052
6235391022,3659540652,0.002
121996369,8595474172,0.016
121996369,6235391022,0.052
8595474172,121996372,0.042
8595474172,121996369,0.016
121996372,122015378,0.029
121996372,8595474166,0.007
121996372,8595474172,0.042
8595474166,8595474167,0.005
8595474166,2318553779,0.020
8595474166,121996372,0.007
2318553779,8597151761,0.003
2318553779,8595474166,0.020
8597151761,8597151762,0.015
8597151761,2271964124,0.033
8597151761,2318553779,0.003
2271964124,121996374,0.005
2271964124,8597151761,0.033
121996374,1846187283,0.005
121996374,3709386010,0.004
121996374,3709386007,0.005
121996374,2271964124,0.005
9190712661,4376747484,0.031
9190712661,121997132,0.006
121997132,9190712661,0.006
4376747484,121997136,0.034
4376747484,9190712661,0.031
121997136,9735669260,0.028
121997136,4376747484,0.034
9735669260,121997138,0.013
9735669260,121997136,0.028
121997138,9307578759,0.056
121997138,9735669260,0.013
9307578759,121997141,0.004
9307578759,121997138,0.056
121997141,9307578769,0.005
121997141,9307578759,0.004
9307578769,10704726173,0.016
9307578769,121997141,0.005
10704726173,1136230289,0.040
10704726173,9307578769,0.016
1136230289,121997145,0.004
1136230289,10704726173,0.040
121997145,3665384932,0.004
121997145,1136230289,0.004
3665384932,8601209837,0.037
3665384932,121997145,0.004
8601209837,8601209838,0.004
8601209837,9630346198,0.003
8601209837,3665384932,0.037
9630346198,9630346199,0.003
9630346198,1209626688,0.018
9630346198,8601209837,0.003
1209626688,121997149,0.008
1209626688,9630346198,0.018
121997149,122041966,0.054
121997149,1209627069,0.011
121997149,1209626688,0.008
9503319040,5365455020,0.051
9503319040,121999253,0.019
121999253,9503319040,0.019
5365455020,121999259,0.007
5365455020,9503319040,0.051
121999259,5365456421,0.006
121999259,5365455020,0.007
5365456421,121999262,0.081
5365456421,121999259,0.006
121999262,3709414133,0.006
121999262,5365456421,0.081
3709414133,5340487013,0.075
3709414133,121999262,0.006
5340487013,121998312,0.006
5340487013,3709414133,0.075
121998312,5340487012,0.007
121998312,5340487013,0.006
5340487012,9503319086,0.052
5340487012,121998312,0.007
9503319086,5365456424,0.025
9503319086,5340487012,0.052
5365456424,9354738582,0.002
5365456424,9503319086,0.025
9354738582,121999265,0.005
9354738582,5365456424,0.002
121999265,5365456425,0.007
121999265,9354738582,0.005
5365456425,4894718798,0.079
5365456425,121999265,0.007
4894718798,9307675594,0.000
4894718798,5365456425,0.079
9307675594,121999270,0.005
9307675594,4894718798,0.000
121999270,4894718797,0.005
121999270,9307675594,0.005
4894718797,121999272,0.082
4894718797,121999270,0.005
121999272,9503100903,0.006
121999272,4894718797,0.082
9503100903,4894718783,0.077
9503100903,121999272,0.006
4894718783,121999276,0.005
4894718783,9503100903,0.077
121999276,9330952396,0.005
121999276,4894718783,0.005
9330952396,4894718784,0.001
9330952396,121999276,0.005
4894718784,5336120957,0.020
4894718784,9330952396,0.001
5336120957,4894720728,0.054
5336120957,4894718784,0.020
4894720728,9354738607,0.001
4894720728,5336120957,0.054
9354738607,121999278,0.005
9354738607,4894720728,0.001
121999278,9503100916,0.005
121999278,9354738607,0.005
9503100916,4894720727,0.001
9503100916,121999278,0.005
4894720727,9333190983,0.058
4894720727,9503100916,0.001
9333190983,5365456427,0.016
9333190983,4894720727,0.058
5365456427,9354772800,0.002
5365456427,9333190983,0.016
9354772800,121996981,0.004
9354772800,5365456427,0.002
121996981,9354341078,0.006
121996981,9354772800,0.004
9354341078,5365456426,0.001
9354341078,121996981,0.006
5365456426,5336120418,0.022
5365456426,9354341078,0.001
5336120418,5803885557,0.006
5336120418,9331276745,0.033
5336120418,5365456426,0.022
9331276745,5365456431,0.019
9331276745,5336120418,0.033
5365456431,4845834137,0.001
5365456431,9331276745,0.019
4845834137,121996691,0.007
4845834137,5365456431,0.001
121996691,8766895279,0.022
121996691,3700438960,0.006
121996691,4845834137,0.007
2411831892,9341763657,0.001
2411831892,122011347,0.006
122011347,9584134627,0.044
122011347,867744274,0.005
122011347,2411831892,0.006
9341763657,4375066461,0.002
9341763657,2411831892,0.001
4375066461,726961824,0.004
4375066461,9341763657,0.002
726961824,1878084870,0.005
726961824,4375066461,0.004
1878084870,726961828,0.005
1878084870,726961824,0.005
726961828,1878084873,0.007
726961828,1878084870,0.005
1878084873,122011349,0.008
1878084873,726961828,0.007
122011349,1878084875,0.006
122011349,1878084873,0.008
1878084875,9354639724,0.005
1878084875,122011349,0.006
9354639724,9354639725,0.005
9354639724,726961822,0.001
9354639724,1878084875,0.005
726961822,1878084866,0.007
726961822,9354639724,0.001
1878084866,1878084865,0.004
1878084866,726961822,0.007
1878084865,726961817,0.004
1878084865,1878084866,0.004
726961817,1878084867,0.008
726961817,1878084865,0.004
1878084867,726961827,0.008
1878084867,726961817,0.008
726961827,122011354,0.019
726961827,1878084867,0.008
122011354,1878084879,0.008
122011354,726961827,0.019
1878084879,726961818,0.008
1878084879,122011354,0.008
726961818,9611424300,0.013
726961818,1878084879,0.008
9611424300,726961819,0.008
9611424300,726961818,0.013
726961819,726961823,0.019
726961819,9611424300,0.008
726961823,726961830,0.014
726961823,726961819,0.019
726961830,9354639613,0.002
726961830,726961823,0.014
9354639613,6235391015,0.017
9354639613,726961830,0.002
6235391015,3659540630,0.002
6235391015,9354639613,0.017
3659540630,4309770206,0.005
3659540630,6235391015,0.002
4309770206,3659540662,0.005
4309770206,3659540630,0.005
3659540662,6235391016,0.004
3659540662,4309770206,0.005
6235391016,11140259878,0.026
6235391016,3659540662,0.004
11140259878,6577123483,0.003
11140259878,6235391016,0.026
6577123483,122011363,0.060
6577123483,11140259878,0.003
122011363,9595987622,0.010
122011363,6577123483,0.060
9595987622,1881578949,0.011
9595987622,122011363,0.010
1881578949,5993353769,0.005
1881578949,9595987622,0.011
5993353769,1881578934,0.016
5993353769,1881578949,0.005
1881578934,9595987623,0.010
1881578934,5993353769,0.016
9595987623,122011366,0.010
9595987623,1881578934,0.010
122011366,122011369,0.031
122011366,9595987623,0.010
122011369,3659540828,0.004
122011369,122011366,0.031
3659540828,9595982784,0.031
3659540828,122011369,0.004
9595982784,122011372,0.012
9595982784,3659540828,0.031
122011372,726961831,0.017
122011372,9595982784,0.012
726961831,726961820,0.022
726961831,122011372,0.017
726961820,1886194296,0.007
726961820,726961831,0.022
1886194296,726963308,0.007
1886194296,726961820,0.007
726963308,121996133,0.018
726963308,1886194296,0.007
121996133,9354639351,0.006
121996133,726963308,0.018
9354639351,9354639669,0.037
9354639351,121996133,0.006
9354639669,121998249,0.004
9354639669,9354639351,0.037
121998249,9354639669,0.004
122015378,2318873046,0.002
122015378,2318873173,0.002
122015378,121996372,0.029
5365456455,6432729852,0.001
5365456455,122015671,0.005
122015671,5365456455,0.005
6432729852,5985741524,0.033
6432729852,5365456455,0.001
5985741524,5362861977,0.003
5985741524,6432729852,0.033
5362861977,2331888052,0.016
5362861977,5985741524,0.003
2331888052,122015675,0.030
2331888052,5362861977,0.016
122015675,3669544404,0.006
122015675,2331888052,0.030
3669544404,5340487019,0.075
3669544404,122015675,0.006
5340487019,9307675579,0.002
5340487019,3669544404,0.075
9307675579,122014439,0.004
9307675579,5340487019,0.002
122014439,5340487018,0.006
122014439,9307675579,0.004
5340487018,121998300,0.081
5340487018,122014439,0.006
121998300,9354772767,0.006
121998300,5340487018,0.081
9354772767,9354772756,0.053
9354772767,121998300,0.006
9354772756,9354772744,0.024
9354772756,9354772767,0.053
9354772744,5365456456,0.002
9354772744,9354772756,0.024
5365456456,122015680,0.006
5365456456,9354772744,0.002
122015680,5365456457,0.007
122015680,5365456456,0.006
5365456457,6432729877,0.003
5365456457,122015680,0.007
6432729877,9354772748,0.027
6432729877,5365456457,0.003
9354772748,4894718793,0.049
9354772748,6432729877,0.027
4894718793,4894718790,0.001
4894718793,9354772748,0.049
4894718790,122015683,0.005
4894718790,4894718793,0.001
122015683,4894718792,0.007
122015683,4894718790,0.005
4894718792,122014384,0.080
4894718792,122015683,0.007
122014384,9333190938,0.006
122014384,4894718792,0.080
9333190938,5332518114,0.013
9333190938,122014384,0.006
5332518114,5332518054,0.002
5332518114,9333190938,0.013
5332518054,5332518126,0.018
5332518054,5332518114,0.002
5332518126,5332518052,0.006
5332518126,5332518054,0.018
5332518052,5332518124,0.004
5332518052,5332518126,0.006
5332518124,5332518130,0.007
5332518124,5332518052,0.004
5332518130,4894718777,0.025
5332518130,5332518124,0.007
4894718777,122015685,0.006
4894718777,5332518130,0.025
122015685,9330952389,0.006
122015685,4894718777,0.006
9330952389,4894718778,0.001
9330952389,122015685,0.006
4894718778,5332501717,0.057
4894718778,9330952389,0.001
5332501717,4894720734,0.017
5332501717,4894718778,0.057
4894720734,3665357163,0.001
4894720734,5332501717,0.017
3665357163,122013596,0.005
3665357163,4894720734,0.001
122013596,3665357173,0.005
122013596,3665357163,0.005
3665357173,4894720733,0.001
3665357173,122013596,0.005
4894720733,9354738596,0.076
4894720733,3665357173,0.001
9354738596,121996976,0.004
9354738596,4894720733,0.076
121996976,9354772777,0.006
121996976,9354738596,0.004
9354772777,8693608345,0.044
9354772777,121996976,0.006
8693608345,8693608346,0.004
8693608345,8693608340,0.012
8693608345,9354772777,0.044
8693608340,8693608341,0.004
8693608340,5365456451,0.019
8693608340,8693608345,0.012
5365456451,4845834135,0.001
5365456451,8693608340,0.019
4845834135,121996683,0.004
4845834135,5365456451,0.001
121996683,961153129,0.005
121996683,1209624983,0.006
121996683,4845834135,0.004
1209624983,961153409,0.004
1209624983,8766895277,0.033
1209624983,121996683,0.006
9231427483,950993502,0.007
9231427483,122016783,0.003
122016783,3700438955,0.009
122016783,1126517333,0.009
122016783,9231427483,0.003
950993502,122016787,0.009
950993502,9231427483,0.007
122016787,122016791,0.008
122016787,950993502,0.009
122016791,950993465,0.011
122016791,122016787,0.008
950993465,1126517314,0.005
950993465,122016794,0.010
950993465,122016791,0.011
122016794,1126517386,0.003
122016794,950993465,0.010
1126517386,1126517279,0.003
1126517386,122016794,0.003
1126517279,1126517358,0.004
1126517279,1126517386,0.003
1126517358,5840123354,0.001
1126517358,1126517279,0.004
5840123354,1126517380,0.001
5840123354,1126517358,0.001
1126517380,1126517327,0.002
1126517380,5840123354,0.001
1126517327,1126517352,0.003
1126517327,1126517380,0.002
1126517352,1126517300,0.003
1126517352,1126517327,0.003
1126517300,1126517401,0.002
1126517300,1126517352,0.003
1126517401,9581788537,0.002
1126517401,1126517300,0.002
9581788537,1126517348,0.002
9581788537,1126517401,0.002
1126517348,1126517367,0.003
1126517348,9581788537,0.002
1126517367,1126517314,0.004
1126517367,1126517348,0.003
1126517314,950993465,0.005
1126517314,1126517367,0.004
5365456434,5365456436,0.077
5365456434,121989266,0.004
121989266,9851777081,0.005
121989266,5365456434,0.004
5365456436,9503319018,0.001
5365456436,5365456434,0.077
9503319018,122018623,0.004
9503319018,5365456436,0.001
122018623,3669544406,0.006
122018623,9503319018,0.004
3669544406,5365456437,0.000
3669544406,122018623,0.006
5365456437,9307675577,0.076
5365456437,3669544406,0.000
9307675577,122014440,0.004
9307675577,5365456437,0.076
122014440,5340487014,0.082
122014440,9307675577,0.004
5340487014,121998306,0.005
5340487014,122014440,0.082
121998306,5340487015,0.006
121998306,5340487014,0.005
5340487015,5365456440,0.077
5340487015,121998306,0.006
5365456440,122018626,0.008
5365456440,5340487015,0.077
122018626,5365456441,0.005
122018626,5365456440,0.008
5365456441,6432729880,0.003
5365456441,122018626,0.005
6432729880,4894718796,0.077
6432729880,5365456441,0.003
4894718796,9307675590,0.000
4894718796,6432729880,0.077
9307675590,122018629,0.005
9307675590,4894718796,0.000
122018629,4894718795,0.006
122018629,9307675590,0.005
4894718795,122014387,0.080
4894718795,122018629,0.006
122014387,9333190943,0.006
122014387,4894718795,0.080
9333190943,4894718781,0.073
9333190943,122014387,0.006
4894718781,122018631,0.008
4894718781,9333190943,0.073
122018631,9330952392,0.005
122018631,4894718781,0.008
9330952392,4894718782,0.001
9330952392,122018631,0.005
4894718782,5336121014,0.022
4894718782,9330952392,0.001
5336121014,4894720730,0.053
5336121014,4894718782,0.022
4894720730,3665357161,0.001
4894720730,5336121014,0.053
3665357161,122013601,0.005
3665357161,4894720730,0.001
122013601,3665357175,0.005
122013601,3665357161,0.005
3665357175,4894720731,0.001
3665357175,122013601,0.005
4894720731,5365456443,0.075
4894720731,3665357175,0.001
5365456443,9354738600,0.001
5365456443,4894720731,0.075
9354738600,121996979,0.005
9354738600,5365456443,0.001
121996979,9354772780,0.006
121996979,9354738600,0.005
9354772780,5365456444,0.001
9354772780,121996979,0.006
5365456444,5365456445,0.075
5365456444,9354772780,0.001
5365456445,4845834136,0.001
5365456445,5365456444,0.075
4845834136,121996686,0.006
4845834136,5365456445,0.001
121996686,1529134361,0.036
121996686,1209623297,0.035
121996686,4845834136,0.006
737164595,9522382199,0.005
737164595,9522382198,0.003
9522382198,748739364,0.002
9522382198,737164595,0.003
9522382199,1126517283,0.014
9522382199,737164595,0.005
1126517283,1126517280,0.041
1126517283,9522382199,0.014
1126517280,1126517333,0.020
1126517280,1126517283,0.041
1126517333,122016783,0.009
1126517333,1126517280,0.020
3700438955,5365456428,0.020
3700438955,122016783,0.009
961153444,2411831896,0.065
961153444,122023144,0.003
122023144,3700410692,0.005
122023144,961153444,0.003
2411831896,2272006308,0.011
2411831896,961153444,0.065
2272006308,5326193097,0.003
2272006308,4375066464,0.011
2272006308,2411831896,0.011
4375066464,1449288416,0.018
4375066464,2272006308,0.011
9735669272,122012414,0.019
9735669272,122009291,0.013
122009291,9735669272,0.013
122012414,1531440626,0.003
122012414,9735669272,0.019
1531440626,3665384634,0.058
1531440626,122012414,0.003
3665384634,122015476,0.004
3665384634,1531440626,0.058
122015476,10542189532,0.005
122015476,3665384634,0.004
10542189532,932569115,0.030
10542189532,122015476,0.005
932569115,3665314638,0.004
932569115,932569161,0.019
932569115,10542189532,0.030
932569161,3665314639,0.004
932569161,3665275224,0.008
932569161,932569115,0.019
3665275224,1209626665,0.004
3665275224,932569161,0.008
1209626665,122023187,0.008
1209626665,10904201653,0.005
1209626665,3665275224,0.004
773426195,961153362,0.006
773426195,865275046,0.018
865275046,865274933,0.010
865274933,865275057,0.017
865275057,122028707,0.017
122028707,9554830200,0.009
9554830200,865275097,0.010
865275097,9554830199,0.009
9554830199,865275063,0.009
865275063,2183114805,0.030
2183114805,865275092,0.002
865275092,865275131,0.010
865275131,122028704,0.008
122028704,961153381,0.004
961153381,865275025,0.004
865275025,121996697,0.011
865275025,121996694,0.017
122041966,121997149,0.054
122041966,1209623328,0.005
122041966,3665385335,0.007
3665385335,739193103,0.007
739193103,950993417,0.004
739193103,739193129,0.029
739193129,1449283599,0.002
1449283599,1448557591,0.024
1448557591,1448557592,0.004
1448557591,1449283610,0.026
1449283610,1449283622,0.009
1449283622,1449285465,0.003
1449285465,1449285464,0.004
1449285465,122041974,0.037
122041974,122041984,0.012
122041984,737164594,0.009
737164594,3709385999,0.001
122015696,1448552915,0.011
122015696,739193077,0.013
122015696,961153348,0.007
961153348,961153272,0.013
961153272,122041999,0.032
122041999,737164597,0.006
737164597,4601049483,0.030
4601049483,122042001,0.001
122042001,748739369,0.023
748739369,4601049823,0.003
4601049823,4601049822,0.002
9190712832,4375107569,0.001
9190712832,122018293,0.006
122018293,9190712832,0.006
4375107569,3122746925,0.030
4375107569,9190712832,0.001
3122746925,6025737730,0.030
3122746925,4375107569,0.030
6025737730,9307683590,0.027
6025737730,3122746925,0.030
9307683590,122036784,0.004
9307683590,6025737730,0.027
122036784,9307683583,0.005
122036784,9307683590,0.004
9307683583,9307578752,0.060
9307683583,122036784,0.005
9307578752,122012422,0.004
9307578752,9307683583,0.060
122012422,122014226,0.066
122012422,9307578752,0.004
122014226,1137141595,0.061
122014226,122012422,0.066
1137141595,122045550,0.008
1137141595,122014226,0.061
122045550,1137141617,0.009
122045550,1137141637,0.005
122045550,1137141519,0.006
122045550,1137141595,0.008
4368928757,748739361,0.006
748739361,748739376,0.012
748739376,748739358,0.009
748739358,932569130,0.006
932569130,122046636,0.013
122046636,10904201652,0.006
10904201652,122023187,0.005
122023187,1209626665,0.008
122023187,910149170,0.007
122023187,10904201658,0.005
121998316,5340487006,0.085
121998316,122014442,0.087
122014442,121998316,0.087
5340487006,9354738580,0.001
5340487006,121998316,0.085
9354738580,122047313,0.005
9354738580,5340487006,0.001
122047313,5340487005,0.007
122047313,9354738580,0.005
5340487005,9307675596,0.079
5340487005,122047313,0.007
9307675596,122031624,0.005
9307675596,5340487005,0.079
122031624,122014393,0.087
122031624,9307675596,0.005
122014393,9330952408,0.082
122014393,122031624,0.087
9330952408,122030566,0.006
9330952408,122014393,0.082
122030566,9330952400,0.005
122030566,9330952408,0.006
9330952400,9354738611,0.077
9330952400,122030566,0.005
9354738611,122013606,0.005
9354738611,9330952400,0.077
122013606,5336120764,0.028
122013606,9354738611,0.005
5336120764,5336120651,0.006
5336120764,122013606,0.028
5336120651,9354772805,0.048
5336120651,5336120764,0.006
9354772805,121996983,0.004
9354772805,5336120651,0.048
121996983,9354341073,0.006
121996983,9354772805,0.004
9354341073,5336120725,0.057
9354341073,121996983,0.006
5336120725,9354341070,0.005
5336120725,5365455013,0.016
5336120725,9354341073,0.057
5365455013,4845834139,0.002
5365455013,5336120725,0.016
4845834139,121996697,0.007
4845834139,5365455013,0.002
121996697,121996702,0.035
121996697,865275025,0.011
121996697,4845834139,0.007
121996702,3665275223,0.007
121996702,910122809,0.005
121996702,121996697,0.035
121996702,961153117,0.005
961153117,865274986,0.008
865274986,865275095,0.009
865275095,865275114,0.007
865275114,122048877,0.006
122048877,122048881,0.023
122048881,865275154,0.033
865275154,865275007,0.008
865275007,122048886,0.008
122048886,696427582,0.012
696427582,865275012,0.013
865275012,696427583,0.015
696427583,910122602,0.012
910122602,696427585,0.005
696427585,9707406843,0.002
9707406843,3700433128,0.003
3700433128,9707406844,0.002
9707406844,122028717,0.002
121996678,3665314705,0.004
121996678,3665314662,0.006
3665314662,5515630861,0.076
5515630861,3665314716,0.001
3665314716,121996970,0.006
121996970,3665355235,0.004
3665355235,1450274252,0.053
1450274252,1450274251,0.009
1450274251,6384390246,0.006
6384390246,4873217861,0.006
4873217861,3665314710,0.002
3665314710,122013590,0.005
5326193049,5326193050,0.003
5326193049,867744274,0.014
5326193049,4375066460,0.002
4375066460,773425732,0.018
4375066460,5326193049,0.002
867744274,122011347,0.005
867744274,5326193049,0.014
121996681,961153064,0.008
121996681,1209623080,0.006
121996681,1448552791,0.009
1448552791,3665403954,0.023
3665403954,1529134341,0.009
1529134341,4845834134,0.004
1529134341,8766895278,0.009
8766895278,121996683,0.027
950993417,739193102,0.001
739193102,739193116,0.013
739193116,739193079,0.006
739193079,739193089,0.004
739193089,739193124,0.004
739193124,739193132,0.004
739193132,739193110,0.003
739193110,739193121,0.002
739193121,739193111,0.004
739193111,739193122,0.005
739193122,739193088,0.005
739193088,739193098,0.005
739193098,950993393,0.002
950993393,739193129,0.003
1209623080,712803718,0.003
1209623080,3665314664,0.007
1209623080,121996681,0.006
3665314705,800050696,0.019
3665314705,121996678,0.004
800050696,800050548,0.013
800050696,3665314705,0.019
800050548,3665448874,0.002
800050548,800050696,0.013
3665448874,121996673,0.005
3665448874,800050548,0.002
121996673,3665384631,0.003
121996673,3665448874,0.005
3665384631,121996669,0.025
3665384631,121996673,0.003
121996669,5371800021,0.027
121996669,3665384631,0.025
5371800021,1531440735,0.002
5371800021,121996669,0.027
1531440735,1531440606,0.006
1531440735,5371800021,0.002
1531440606,843615461,0.008
1531440606,1531440735,0.006
843615461,5515630854,0.020
843615461,1531440606,0.008
5515630854,3665357132,0.002
5515630854,843615461,0.020
3665357132,121996665,0.006
3665357132,5515630854,0.002
121996665,3665357132,0.006
1209623139,1209626937,0.009
1209623139,932569066,0.007
932569066,932569098,0.017
932569098,3665314626,0.007
932569098,5515630860,0.030
5515630860,3665314656,0.002
3665314656,11241917631,0.001
11241917631,748739371,0.003
748739371,8792399889,0.019
1137141479,4375066459,0.000
1137141479,773425732,0.008
773425732,4375066460,0.018
773425732,773425772,0.032
773425732,1137141479,0.008
4375066459,773426214,0.004
4375066459,1137141479,0.000
773426214,773425763,0.062
773426214,773426202,0.011
773426214,773426417,0.012
773426214,4375066459,0.004
773426039,2146092419,0.018
773426039,1448559020,0.003
773426039,773425938,0.012
773425938,773425856,0.024
773425938,773426039,0.012
773426021,773425768,0.062
773426021,773426331,0.066
773426021,773425971,0.011
773426021,773425821,0.009
773425821,773425830,0.024
773425821,773425983,0.009
773425821,773426021,0.009
773425971,773426417,0.062
773425971,773426278,0.066
773425971,773425763,0.012
773425971,773426021,0.011
773425763,773426214,0.062
773425763,773426062,0.066
773425763,773425749,0.011
773425763,773425971,0.012
773425749,773426202,0.062
773425749,773426046,0.066
773425749,773426284,0.012
773425749,773425763,0.011
773426284,773425855,0.062
773426284,773425933,0.066
773426284,773426236,0.011
773426284,773425749,0.012
773426236,9354639749,0.041
773426236,773425937,0.066
773426236,773426284,0.011
773425856,773425938,0.024
773425856,773426237,0.012
773425856,773426269,0.011
773426269,961153356,0.027
773426269,773425856,0.011
773426237,2146092419,0.005
773426237,773425856,0.012
9333191019,9333191020,0.006
9333191019,773426402,0.010
9333191019,773425914,0.001
773425914,773426244,0.024
773425914,9333191019,0.001
773426402,773426328,0.024
773426402,9333191025,0.008
773426402,9333191019,0.010
9333191025,773426300,0.003
9333191025,773426402,0.008
773426300,773426096,0.024
773426300,9333191025,0.003
961152855,773426122,0.003
961152855,773425942,0.003
773425942,910122851,0.030
773425942,122015689,0.008
773425942,961152855,0.003
773426122,773425827,0.002
773426122,961152855,0.003
773425827,773425747,0.003
773425827,773426122,0.002
773425747,773426157,0.002
773425747,773425827,0.003
773426157,773426355,0.002
773426157,773425747,0.002
773426355,773425847,0.002
773426355,773426157,0.002
773426328,773426096,0.011
773426328,773426244,0.012
773426328,773426402,0.024
773425768,773426021,0.062
773425768,773426417,0.011
773425768,773426152,0.009
773426152,773426087,0.012
773426152,4375066458,0.004
773426152,773425768,0.009
773426417,773425971,0.062
773426417,773426214,0.012
773426417,773425768,0.011
773426202,773425749,0.062
773426202,9354639754,0.002
773426202,773426214,0.011
9354639754,773425855,0.010
9354639754,773426202,0.002
773425855,773426284,0.062
773425855,773426038,0.003
773425855,9354639754,0.010
773426038,773425744,0.004
773426038,773425855,0.003
773425744,773425895,0.016
773425744,773426038,0.004
773425895,9354639749,0.002
773425895,773425744,0.016
773426046,773425749,0.066
773426096,961152979,0.007
773426096,773426199,0.004
773426096,773426328,0.011
773426096,773426300,0.024
1137141542,4375066458,0.001
1137141542,773425772,0.008
773425772,773425732,0.032
773425772,4375066457,0.010
773425772,1137141542,0.008
4375066458,773426152,0.004
4375066458,1137141542,0.001
773426087,773426146,0.011
773426087,6235389960,0.026
773426087,773426152,0.012
6235389960,773425983,0.015
6235389960,773426087,0.026
773425983,773426292,0.006
773425983,773425821,0.009
773425983,6235389960,0.015
773425830,773426248,0.006
773425830,6235390999,0.011
773425830,773425821,0.024
6235390999,773426240,0.015
6235390999,773425830,0.011
773426240,773425714,0.016
773426240,6235390999,0.015
773425714,773426240,0.016
5326193043,5326193044,0.005
5326193043,773426206,0.002
5326193043,6913773873,0.006
6913773873,6913773874,0.002
6913773873,5326193043,0.006
773426206,773425715,0.012
773426206,5326193043,0.002
773425715,773426293,0.011
773425715,773426206,0.012
773426293,5326193047,0.001
773426293,773425715,0.011
5326193047,5326193046,0.005
5326193047,773426343,0.011
5326193047,773426293,0.001
773426343,9563363745,0.002
773426343,5326193047,0.011
773425868,773425937,0.028
773425868,773426308,0.010
773426308,773425933,0.028
773426308,773425868,0.010
773425937,773426236,0.066
773425937,773425868,0.028
9354639749,773425895,0.002
9354639749,773426236,0.041
773426244,773425914,0.024
773426244,773426328,0.012
773426199,773425959,0.009
773426199,773426096,0.004
773425959,773425847,0.023
773425959,773426199,0.009
1448559020,773426039,0.003
1448559020,773425886,0.004
773425886,773426073,0.006
773425886,773426184,0.005
773425886,1448559020,0.004
773426184,773425886,0.005
773426184,773426274,0.005
773426274,773426184,0.005
773426073,2146092420,0.010
773426073,773425886,0.006
2146092420,773425776,0.009
2146092420,773426073,0.010
773425776,773426313,0.002
773425776,2146092420,0.009
773426313,961153356,0.003
773426313,1449283661,0.001
773426313,773425776,0.002
1449283661,773425921,0.001
1449283661,773426313,0.001
773425921,773426335,0.005
773425921,1449283661,0.001
773426335,773425808,0.005
773426335,773425921,0.005
773425808,773426221,0.006
773425808,773426335,0.005
773426221,773426130,0.006
773426221,773425808,0.006
773426130,773425834,0.006
773426130,773426221,0.006
773425834,1448574897,0.006
773425834,773426130,0.006
1448574897,1449283669,0.003
1448574897,773426025,0.006
1448574897,773425834,0.006
773426025,910123470,0.004
773426025,1448574897,0.006
910123470,2183114812,0.002
910123470,773425727,0.008
910123470,773426025,0.004
773425727,961153362,0.043
773425727,910123470,0.008
961153362,773426195,0.006
961153362,773425727,0.043
773425933,773426284,0.066
773425933,773426308,0.028
773426248,773425722,0.003
773426248,773425830,0.006
773425722,773426127,0.028
773425722,773426248,0.003
773426127,773426292,0.003
773426127,773425722,0.028
773426292,773425983,0.006
773426292,773426127,0.003
773426146,773425739,0.012
773426146,773425846,0.011
773426146,773426087,0.011
773425846,773426262,0.012
773425846,773426146,0.011
773426262,773425739,0.011
773426262,773425846,0.012
773425739,773426146,0.012
773425739,773426262,0.011
6913861995,6913862002,0.011
6913861995,773426088,0.035
6913861995,773425902,0.011
773425902,867744094,0.005
773425902,773425940,0.022
773425902,6913861995,0.011
773426088,6913862001,0.011
773426088,6913861995,0.035
2146092419,773426039,0.018
2146092419,773426237,0.005
773426331,773426021,0.066
773426062,773425763,0.066
773426278,773425971,0.066
961152979,773426096,0.007
961152979,773426380,0.003
773426380,5365456448,0.015
773426380,775457191,0.031
773426380,961152979,0.003
961153356,773426313,0.003
961153356,773426269,0.027
775457210,9333191076,0.014
775457210,775457016,0.006
775457016,775457048,0.002
775457016,775457135,0.002
775457016,775457210,0.006
9333191076,775457314,0.029
9333191076,775457210,0.014
775457314,775457060,0.011
775457314,9333191076,0.029
775457103,775457058,0.012
775457103,775457087,0.012
775457103,775457001,0.050
775457001,775457018,0.006
775457001,775457223,0.012
775457001,775457103,0.050
775456985,775457028,0.002
775456985,775457048,0.002
775457048,775457016,0.002
775457048,775456985,0.002
775457028,5326192988,0.002
775457028,775456985,0.002
5326192988,775457189,0.003
5326192988,775457028,0.002
775457189,775457074,0.003
775457189,5326192988,0.003
775457074,775456994,0.004
775457074,775457308,0.002
775457074,775457189,0.003
775457308,775457115,0.002
775457308,775457074,0.002
775457115,775457158,0.002
775457115,775457308,0.002
775457158,775457161,0.006
775457158,775456995,0.002
775457158,775457115,0.002
775456995,775457152,0.002
775456995,775457158,0.002
775457152,775457039,0.002
775457152,775456995,0.002
775457039,775457135,0.002
775457039,775457152,0.002
775457135,775457016,0.002
775457135,775457039,0.002
775457070,775457087,0.011
775457070,9333191027,0.005
775457070,775457183,0.050
775457183,775457223,0.011
775457183,775457204,0.007
775457183,775457070,0.050
1448556236,9333191027,0.004
1448556236,775457191,0.005
775457191,773426380,0.031
775457191,5365456447,0.004
775457191,1448556236,0.005
9333191027,775457070,0.005
9333191027,1448556236,0.004
10904201658,9333191036,0.009
10904201658,122023187,0.005
9333191036,5326193005,0.015
9333191036,10904201658,0.009
5326193005,5326192990,0.005
5326193005,775456994,0.005
5326193005,9333191036,0.015
775456994,775457074,0.004
775456994,5326193005,0.005
775457060,775457289,0.004
775457060,775457314,0.011
775457289,775457279,0.007
775457289,775457060,0.004
775457279,775457058,0.006
775457279,775457289,0.007
775457161,775457052,0.031
775457052,775457144,0.004
775457144,775457027,0.004
775457027,775457314,0.010
775457204,1448556253,0.004
775457204,775457183,0.007
775457223,775457087,0.050
775457223,775457001,0.012
775457223,775457183,0.011
775457018,6575376500,0.002
775457018,775457001,0.006
6575376500,775457177,0.005
6575376500,775457018,0.002
775457177,9554830183,0.008
775457177,6575376500,0.005
9554830183,775457058,0.037
9554830183,775457177,0.008
775457058,775457279,0.006
775457058,775457103,0.012
775457058,9554830183,0.037
775457087,775457223,0.050
775457087,775457103,0.012
775457087,775457070,0.011
1448556253,775457204,0.004
1448556253,737164601,0.004
737164601,910144762,0.010
737164601,5365456448,0.004
737164601,1448556253,0.004
961153071,122024783,0.055
961153071,122015693,0.003
122015693,1448555613,0.021
122015693,910122851,0.004
122015693,961153071,0.003
122024783,122024785,0.019
122024783,961153071,0.055
122024785,748739378,0.006
122024785,122024783,0.019
748739378,748739372,0.005
748739378,122024785,0.006
748739372,748739362,0.007
748739372,748739378,0.005
748739362,748739377,0.011
748739362,748739372,0.007
748739377,4601049488,0.002
748739377,748739362,0.011
1235493672,5959577001,0.002
1235493672,3709414153,0.039
3709414153,1235493672,0.039
3700410693,3700410696,0.003
3700410693,6913861989,0.006
6913861989,6913861986,0.001
6913861989,3700410693,0.006
3700410696,5959576995,0.050
3700410696,3700410693,0.003
5959576995,5959576996,0.006
5959576995,843182718,0.001
5959576995,3700410696,0.050
843182718,2318873089,0.003
843182718,5959576995,0.001
739193081,739193093,0.015
739193081,739193105,0.010
739193105,3709386000,0.002
739193105,739193081,0.010
739193093,739193126,0.005
739193093,739193081,0.015
739193126,739193135,0.005
739193126,739193093,0.005
739193135,910122911,0.005
739193135,739193126,0.005
910122911,739193077,0.003
910122911,739193135,0.005
739193077,122015696,0.013
739193077,910122911,0.003
910144795,910144798,0.003
910144795,910144762,0.004
910144762,122015689,0.012
910144762,737164601,0.010
910144762,910144795,0.004
910144798,910144832,0.004
910144798,910144795,0.003
910144832,9231427440,0.011
910144832,910144798,0.004
9231427440,910122372,0.021
9231427440,910144832,0.011
910122372,9581788530,0.006
910122372,9231427440,0.021
11225872973,932569088,0.026
11225872973,932569165,0.005
932569165,11225872973,0.005
932569088,932569063,0.013
932569088,11225872973,0.026
932569063,932569110,0.009
932569063,932569079,0.023
932569063,932569088,0.013
3665314639,932569160,0.002
3665314639,932569161,0.004
932569160,932569121,0.018
932569160,932569101,0.020
932569160,3665314639,0.002
932569101,3665314625,0.009
932569101,932569085,0.033
932569101,932569160,0.020
3665314638,932569091,0.001
3665314638,932569115,0.004
932569091,932569121,0.002
932569091,3665314638,0.001
932569121,932569160,0.018
932569121,932569091,0.002
3665314651,932569071,0.002
3665314651,932569139,0.005
932569139,3665314651,0.005
932569071,932569079,0.001
932569071,3665314651,0.002
932569079,932569063,0.023
932569079,932569071,0.001
932569085,3665314626,0.009
932569085,932569065,0.005
932569085,932569101,0.033
3665314625,1209625632,0.006
3665314625,932569101,0.009
1209625632,1209623139,0.010
1209625632,3665314625,0.006
932569065,932569085,0.005
3665314626,932569098,0.007
3665314626,932569085,0.009
932569110,932569147,0.002
932569147,932569096,0.002
932569096,932569094,0.014
932569094,932569126,0.004
932569126,932569167,0.001
932569167,932569089,0.002
932569089,932569071,0.010
1209625815,1137141623,0.004
1209625815,1137141512,0.010
1137141512,1449286474,0.005
1137141512,4368928760,0.009
1137141512,1209625815,0.010
1137141623,1137141483,0.006
1137141623,1209625815,0.004
1137141483,1137141497,0.004
1137141483,1137141623,0.006
1137141497,3665380915,0.007
1137141497,1137141562,0.004
1137141497,1137141483,0.004
1137141543,1137141480,0.011
1137141543,1137141525,0.004
1137141525,4375066457,0.017
1137141525,6235389964,0.004
1137141525,1137141543,0.004
1137141480,1137141641,0.003
1137141480,1137141543,0.011
1137141641,1137141579,0.021
1137141641,1137141540,0.002
1137141641,1137141480,0.003
1209627069,8601209845,0.026
8601209845,8601209844,0.004
8601209845,1209626242,0.024
1209626242,4368928747,0.047
4368928747,1209627565,0.021
3665314664,1209626562,0.004
1209626562,1450274304,0.018
1450274304,3665314673,0.005
1450274304,1209626464,0.007
1209626464,3665396793,0.006
3665396793,3665396781,0.009
3665396781,3665396782,0.009
3665396782,3832163703,0.025
3832163703,3665396783,0.005
1209623297,121996686,0.035
1209623297,5803881467,0.006
1209623297,1209624138,0.006
1209624138,1209627415,0.026
1209627415,1209624983,0.005
8766895277,1209623491,0.034
3700438960,1529134872,0.029
3700438960,121996691,0.006
1529134872,4845834138,0.008
1529134872,121996694,0.007
1529134872,3700438960,0.029
121996694,865275025,0.017
121996694,1529134872,0.007
910122809,121996705,0.032
910122809,121996702,0.005
121996705,910122809,0.032
122013594,4395660409,0.006
4395660409,3665396789,0.015
3665396789,3665396788,0.011
3665396788,3665396792,0.032
3665396792,3665396787,0.023
3665396787,3832163704,0.005
3832163704,3665396786,0.021
3665396786,1209624682,0.009
1209624682,748739366,0.044
1209623328,4368928750,0.020
1209623328,122041966,0.005
4368928750,6426496929,0.003
4368928750,1209623328,0.020
5959577001,1235493552,0.008
5959577001,1235493672,0.002
1245044971,1245044810,0.012
1245044971,726963312,0.004
726963312,3709414148,0.008
726963312,6418296255,0.004
726963312,1245044971,0.004
1245044810,1241116813,0.004
1245044810,1245044971,0.012
1241116813,1245044810,0.004
712803718,3665314669,0.004
3665314669,1209625574,0.024
1209625574,3665314663,0.006
1209625574,748739371,0.010
8792399889,3665314695,0.003
3665314695,121996678,0.005
1448552914,1448552915,0.004
1448552914,737164599,0.014
1448552914,1448552911,0.005
1448552911,1448552876,0.008
1448552876,1448552858,0.005
1448552858,1448552839,0.006
1448552839,1448552813,0.004
1448552813,1448552808,0.003
1448552808,1448552801,0.005
1448552801,1448552795,0.003
1448552795,1448552793,0.005
1448552793,1448552792,0.004
1448552792,1448552794,0.004
1448552794,1448552796,0.004
1448552796,1448552804,0.004
1448552804,1448552811,0.005
1448552811,1448552835,0.004
1448552835,1448552850,0.004
1448552850,1448552866,0.005
1448552866,1448552893,0.005
1448552893,1448556266,0.004
1448556266,1448552913,0.005
1448552913,737164602,0.008
1448552913,1448555613,0.006
1448555613,1448552913,0.006
1448555613,122015693,0.021
1448555613,1448556270,0.004
1448556270,1448555611,0.003
1448555611,1448555610,0.004
1448555610,1448555607,0.003
1448555607,5840123363,0.001
5840123363,1448555608,0.002
1448555608,1448555609,0.002
1448555609,1448555612,0.012
1448555612,1448556273,0.001
1448556273,910122851,0.004
910122851,122015693,0.004
910122851,773425942,0.030
1449283603,1448557588,0.008
1449283603,1448557589,0.007
1448557589,5326193079,0.029
1448557589,1449283601,0.008
1448557589,1449283603,0.007
1448557588,1449283603,0.008
1448557592,1448557590,0.003
1448557592,1448557591,0.004
1448557590,1448557592,0.003
1448562146,5840124401,0.011
1448562146,2183114801,0.011
2183114801,2183114802,0.006
2183114801,5840124400,0.008
2183114801,1448562146,0.011
5840124401,1448562146,0.011
1449283669,1448574443,0.004
1449283669,1448574897,0.003
1448574443,1448574441,0.017
1448574443,1449283669,0.004
1448574441,1449283666,0.007
1448574441,1448574443,0.017
1449283666,9707378170,0.005
1449283666,1448574441,0.007
9707378170,1448574445,0.001
9707378170,1449283666,0.005
1448574445,2183114797,0.006
1448574445,9707378170,0.001
2183114797,2183114815,0.034
2183114797,2183114798,0.012
2183114797,1448574445,0.006
2183114798,2183114811,0.033
2183114798,2183114799,0.010
2183114798,2183114797,0.012
2183114799,2183114809,0.028
2183114799,2183114800,0.011
2183114799,2183114798,0.010
2183114800,9354341149,0.021
2183114800,5840124400,0.001
2183114800,2183114799,0.011
5840124400,2183114801,0.008
5840124400,2183114800,0.001
1449285464,1449285463,0.004
1449285464,1449285465,0.004
1449285463,1449285474,0.003
1449285463,1449285464,0.004
1449285474,1449285476,0.002
1449285474,1449285463,0.003
1449285476,1449285477,0.002
1449285476,1449285474,0.002
1449285477,11227522758,0.003
1449285477,1449285476,0.002
11227522758,1449285495,0.008
11227522758,1449285477,0.003
1449285495,11227522758,0.008
1449286470,4368928760,0.006
1449286470,1209625084,0.018
1449286470,1449286471,0.008
1449286471,1449286473,0.010
1449286473,1449286474,0.006
1449286474,1449283601,0.001
1449286474,1137141512,0.005
3665314673,1450274270,0.030
3665314673,1450274304,0.005
1450274270,3665314688,0.003
1450274270,3665314663,0.022
1450274270,3665314673,0.030
1450274269,1450274268,0.010
1450274269,3665314688,0.009
1450274269,1450274280,0.003
1450274280,1450274292,0.019
1450274292,1450274302,0.008
1450274302,3665314674,0.001
3665314674,3665396793,0.006
1699008157,9354341080,0.077
1699008157,1529134361,0.007
1529134361,8766895279,0.014
1529134361,121996686,0.036
1529134361,1699008157,0.007
9354341080,1529134360,0.006
9354341080,1699008157,0.077
1529134360,9354738602,0.004
1529134360,9354341080,0.006
9354738602,9354772772,0.077
9354738602,1529134360,0.004
9354772772,1529134359,0.005
9354772772,9354738602,0.077
1529134359,9354738605,0.005
1529134359,9354772772,0.005
9354738605,5336121127,0.016
9354738605,1529134359,0.005
5336121127,5336121013,0.038
5336121127,9354738605,0.016
5336121013,9330952394,0.023
5336121013,5336121127,0.038
9330952394,1529134358,0.005
9330952394,5336121013,0.023
1529134358,5336121002,0.051
1529134358,9330952394,0.005
5336121002,1529134357,0.036
5336121002,1529134358,0.051
1529134357,1529134356,0.087
1529134357,5336121002,0.036
1529134356,9307675592,0.005
1529134356,1529134357,0.087
9307675592,1529134355,0.086
9307675592,1529134356,0.005
1529134355,9354738584,0.005
1529134355,9307675592,0.086
9354738584,1529134354,0.086
9354738584,1529134355,0.005
1529134354,1529134353,0.087
1529134354,9354738584,0.086
1529134353,1529134352,0.087
1529134353,1529134354,0.087
1529134352,9503232516,0.004
1529134352,1529134353,0.087
9503232516,738218685,0.082
9503232516,1529134352,0.004
738218685,9503232516,0.082
9851777081,9851777082,0.007
9851777081,121989266,0.005
9851777082,9851777083,0.036
9851777082,9851777081,0.007
9851777083,9851777084,0.008
9851777083,9851777082,0.036
9851777084,1529134342,0.004
9851777084,9851777083,0.008
1529134342,9503319019,0.082
1529134342,9851777084,0.004
9503319019,1529134343,0.004
9503319019,1529134342,0.082
1529134343,3669544405,0.006
1529134343,9503319019,0.004
3669544405,9307675578,0.077
3669544405,1529134343,0.006
9307675578,1529134344,0.004
9307675578,3669544405,0.077
1529134344,1529134345,0.087
1529134344,9307675578,0.004
1529134345,9354772745,0.083
1529134345,1529134344,0.087
9354772745,1529134346,0.008
9354772745,1529134345,0.083
1529134346,6432729879,0.009
1529134346,9354772745,0.008
6432729879,9307675589,0.077
6432729879,1529134346,0.009
9307675589,1529134347,0.005
9307675589,6432729879,0.077
1529134347,1529134348,0.086
1529134347,9307675589,0.005
1529134348,9333190940,0.006
1529134348,1529134347,0.086
9333190940,5332518071,0.021
9333190940,1529134348,0.006
5332518071,5332518016,0.003
5332518071,9333190940,0.021
5332518016,5332518014,0.009
5332518016,5332518071,0.003
5332518014,5332518026,0.011
5332518014,5332518016,0.009
5332518026,5332518042,0.018
5332518026,5332518014,0.011
5332518042,5332518040,0.011
5332518042,5332518026,0.018
5332518040,1529134349,0.008
5332518040,5332518042,0.011
1529134349,9330952390,0.005
1529134349,5332518040,0.008
9330952390,5332538727,0.011
9330952390,1529134349,0.005
5332538727,5332517959,0.034
5332538727,9330952390,0.011
5332517959,5332517966,0.017
5332517959,5332538727,0.034
5332517966,3665357162,0.015
5332517966,5332517959,0.017
3665357162,1529134350,0.005
3665357162,5332517966,0.015
1529134350,3665357174,0.005
1529134350,3665357162,0.005
3665357174,9907938371,0.041
3665357174,1529134350,0.005
9907938371,9354738598,0.037
9907938371,3665357174,0.041
9354738598,1529134351,0.005
9354738598,9907938371,0.037
1529134351,9354772779,0.006
1529134351,9354738598,0.005
9354772779,5803881467,0.077
9354772779,1529134351,0.006
5803881467,1209623297,0.006
5803881467,9354772779,0.077
4845834134,6384390219,0.018
4845834134,1529134341,0.004
6384390219,6384390220,0.002
6384390219,8693608344,0.003
6384390219,4845834134,0.018
8693608344,8693608343,0.002
8693608344,8693608349,0.011
8693608344,6384390219,0.003
8693608349,8693608348,0.002
8693608349,3665403953,0.024
8693608349,8693608344,0.011
3665403953,9503319107,0.004
3665403953,8693608349,0.024
9503319107,9503319108,0.008
9503319107,9354772775,0.016
9503319107,3665403953,0.004
9354772775,1529134340,0.005
9354772775,9503319107,0.016
1529134340,9354738594,0.005
1529134340,9354772775,0.005
9354738594,9907938368,0.035
9354738594,1529134340,0.005
9907938368,9907938366,0.017
9907938368,9354738594,0.035
9907938366,3665357172,0.024
9907938366,9907938368,0.017
3665357172,1529134339,0.005
3665357172,9907938366,0.024
1529134339,3665357164,0.005
1529134339,3665357172,0.005
3665357164,5332501718,0.018
3665357164,1529134339,0.005
5332501718,5332538730,0.018
5332501718,3665357164,0.018
5332538730,5332517940,0.021
5332538730,5332501718,0.018
5332517940,9330952387,0.019
5332517940,5332538730,0.021
9330952387,1529134338,0.006
9330952387,5332517940,0.019
1529134338,5332518133,0.029
1529134338,9330952387,0.006
5332518133,5332518152,0.021
5332518133,1529134338,0.029
5332518152,5332518115,0.018
5332518152,5332518133,0.021
5332518115,9333190936,0.013
5332518115,5332518152,0.018
9333190936,1529134337,0.006
9333190936,5332518115,0.013
1529134337,9503128217,0.012
1529134337,9333190936,0.006
9503128217,9503128189,0.026
9503128217,1529134337,0.012
9503128189,1529134336,0.048
9503128189,9503128217,0.026
1529134336,9503128189,0.048
3665275223,5336120745,0.024
3665275223,121996702,0.007
5336120745,5336120744,0.020
5336120745,5336120752,0.041
5336120745,3665275223,0.024
5336120752,5336120751,0.011
5336120752,9503128173,0.007
5336120752,5336120745,0.041
9503128173,1529135983,0.010
9503128173,5336120752,0.007
1529135983,9354772807,0.004
1529135983,9503128173,0.010
9354772807,5336120770,0.016
9354772807,1529135983,0.004
5336120770,9354772811,0.003
5336120770,9354772807,0.016
9354772811,5336120772,0.005
9354772811,5336120770,0.003
5336120772,5336120774,0.011
5336120772,9354772811,0.005
5336120774,5336120776,0.008
5336120774,5336120772,0.011
5336120776,5336120779,0.008
5336120776,5336120774,0.008
5336120779,5336120763,0.003
5336120779,5336120776,0.008
5336120763,1529135965,0.029
5336120763,5336120779,0.003
1529135965,9354738613,0.005
1529135965,5336120763,0.029
9354738613,9330952402,0.077
9354738613,1529135965,0.005
9330952402,1529135959,0.005
9330952402,9354738613,0.077
1529135959,9330952406,0.006
1529135959,9330952402,0.005
9330952406,1529135952,0.083
9330952406,1529135959,0.006
1529135952,1529135950,0.087
1529135952,9330952406,0.083
1529135950,9307675597,0.005
1529135950,1529135952,0.087
9307675597,738218687,0.086
9307675597,1529135950,0.005
738218687,9307675597,0.086
1529134809,9354738581,0.087
1529134809,1529134802,0.087
1529134802,1529134809,0.087
9354738581,1529134820,0.005
9354738581,1529134809,0.087
1529134820,9307675595,0.086
1529134820,9354738581,0.005
9307675595,1529134829,0.005
9307675595,1529134820,0.086
1529134829,1529134837,0.087
1529134829,9307675595,0.005
1529134837,1529134846,0.087
1529134837,1529134829,0.087
1529134846,9330952398,0.005
1529134846,1529134837,0.087
9330952398,5336120956,0.021
9330952398,1529134846,0.005
5336120956,9354738609,0.056
5336120956,9330952398,0.021
9354738609,1529134852,0.005
9354738609,5336120956,0.056
1529134852,9503128238,0.020
1529134852,9354738609,0.005
9503128238,5336120653,0.021
9503128238,1529134852,0.020
5336120653,9503128243,0.007
5336120653,9503128238,0.021
9503128243,9503128241,0.009
9503128243,5336120653,0.007
9503128241,9354772802,0.024
9503128241,9503128243,0.009
9354772802,1529134867,0.004
9354772802,9503128241,0.024
1529134867,9354341076,0.006
1529134867,9354772802,0.004
9354341076,5336120417,0.024
9354341076,1529134867,0.006
5336120417,4845834138,0.052
5336120417,9354341076,0.024
4845834138,1529134872,0.008
4845834138,5336120417,0.052
4368928760,1449286470,0.006
4368928760,1137141512,0.009
1449283601,1448557589,0.008
1449283601,1449286474,0.001
2183114809,2183114810,0.008
2183114809,2183114808,0.011
2183114809,2183114799,0.028
2183114811,2183114813,0.003
2183114811,2183114810,0.003
2183114811,2183114798,0.033
2183114815,2183114812,0.030
2183114815,2183114814,0.001
2183114815,2183114797,0.034
9354341149,2183114808,0.007
9354341149,2183114800,0.021
2183114808,2183114809,0.011
2183114808,9354341149,0.007
2183114802,2183114803,0.009
2183114803,2183114804,0.007
2183114804,961153368,0.006
961153368,2183114805,0.005
2183114810,2183114811,0.003
2183114810,2183114809,0.008
2183114813,2183114814,0.008
2183114813,2183114811,0.003
2183114814,2183114815,0.001
2183114814,2183114813,0.008
2183114812,910123470,0.002
2183114812,2183114815,0.030
10904201653,1209623732,0.005
1209623732,1209627202,0.007
1209627202,1209624613,0.007
1209624613,1209625632,0.004
1209626937,1209624165,0.008
1209624165,1209627461,0.014
1209627461,4368928758,0.006
4368928758,1209625011,0.007
910149170,5998300828,0.040
5998300828,5998300829,0.006
5998300828,910122643,0.030
910122643,4368928753,0.015
4368928753,1209625295,0.033
2271866675,9354639712,0.022
2271866675,2271866695,0.005
2271866695,2271866643,0.008
2271866695,4375066463,0.028
2271866695,2271866675,0.005
9354639712,2271866672,0.018
9354639712,2271866675,0.022
2271866672,9354639712,0.018
2271866680,2318873180,0.012
2271866680,4375066465,0.009
2271866680,2271964149,0.005
2271964149,2271866630,0.012
2271866630,2271866681,0.004
2271866681,2271866654,0.004
2271866654,2271866655,0.005
2271866655,9354639723,0.007
9354639723,2271866650,0.003
2271866650,2271866632,0.007
2271866632,2271866667,0.011
2271866667,2271866658,0.005
2271866658,4375066463,0.003
2271866658,2411831895,0.011
2271866643,2411831894,0.016
2271866643,2271866695,0.008
2271866643,2271866659,0.005
2271866659,2271866627,0.032
2271866627,2271866652,0.005
2271866652,2271866660,0.005
2271866660,2271866691,0.024
2271866691,2271866631,0.033
4375066463,2271866658,0.003
4375066463,2271866695,0.028
2411831894,8602376463,0.003
2411831894,2271866643,0.016
8602376463,8602376464,0.005
8602376463,2271866693,0.028
8602376463,2411831894,0.003
2271866693,8602376461,0.019
2271866693,8602376463,0.028
8602376461,122023151,0.007
8602376461,2271866693,0.019
122023151,2318566047,0.019
122023151,8602376461,0.007
2318566047,3659540633,0.011
2318566047,122023151,0.019
3659540633,6235391017,0.019
3659540633,2318566047,0.011
6235391017,3659540650,0.001
6235391017,3659540633,0.019
3659540650,122021913,0.005
3659540650,6235391017,0.001
122021913,3659540665,0.005
122021913,3659540650,0.005
3659540665,6235391018,0.002
3659540665,122021913,0.005
6235391018,9584124242,0.030
6235391018,3659540665,0.002
9584124242,9347940884,0.001
9584124242,6235391018,0.030
9347940884,122023154,0.008
9347940884,9584124242,0.001
122023154,9584124239,0.006
122023154,9347940884,0.008
9584124239,9354639629,0.011
9584124239,122023154,0.006
9354639629,10296329607,0.018
9354639629,9584124239,0.011
10296329607,6432729889,0.003
10296329607,9354639629,0.018
6432729889,122010058,0.010
6432729889,10296329607,0.003
122010058,9584124259,0.002
122010058,6432729889,0.010
9584124259,9584124250,0.021
9584124259,122010058,0.002
9584124250,9347940829,0.029
9584124250,9584124259,0.021
9347940829,9347940830,0.037
9347940829,9584124250,0.029
9347940830,122013943,0.003
9347940830,9347940829,0.037
122013943,3659540825,0.005
122013943,9347940830,0.003
3659540825,9354639675,0.136
3659540825,122013943,0.005
9354639675,121998255,0.005
9354639675,3659540825,0.136
121998255,9347940824,0.032
121998255,9354639675,0.005
9347940824,122023158,0.007
9347940824,121998255,0.032
122023158,9347940824,0.007
3709386007,3709386006,0.043
3709386007,121996374,0.005
3709386006,3700410715,0.014
3709386006,3709386007,0.043
2411831902,2411831901,0.030
2411831902,2318873180,0.005
2318873180,4375066466,0.022
2318873180,2271866680,0.012
2318873180,2411831902,0.005
2411831901,2411831902,0.030
2318873145,2318873130,0.011
2318873145,2318873181,0.004
2318873181,2318873074,0.002
2318873181,11071646556,0.002
2318873181,2318873145,0.004
2318873130,2318873106,0.004
2318873130,2318873145,0.011
2318873106,2318873041,0.007
2318873106,2318873130,0.004
2318873041,2318873127,0.007
2318873041,2318873106,0.007
2318873127,2318873041,0.007
2318873173,2318873189,0.002
2318873173,122015378,0.002
2318873189,2318873038,0.002
2318873189,2318873173,0.002
2318873038,2318873155,0.002
2318873038,2318873189,0.002
2318873155,2318873178,0.002
2318873155,2318873038,0.002
2318873178,2318873109,0.002
2318873178,2318873155,0.002
2318873109,2318873042,0.002
2318873109,2318873178,0.002
2318873042,2318873146,0.002
2318873042,2318873109,0.002
2318873146,2318873157,0.002
2318873146,2318873042,0.002
2318873157,2318873124,0.002
2318873157,2318873146,0.002
2318873124,11071646555,0.002
2318873124,2318873157,0.002
11071646555,11071646556,0.002
11071646555,2318873124,0.002
11071646556,2318873181,0.002
11071646556,11071646555,0.002
2318873074,2318873171,0.002
2318873074,2318873181,0.002
2318873171,2318873169,0.002
2318873171,2318873074,0.002
2318873169,2318873163,0.002
2318873169,2318873171,0.002
2318873163,2318873046,0.002
2318873163,2318873169,0.002
2318873046,122015378,0.002
2318873046,2318873163,0.002
2318873089,2318873203,0.009
2318873089,843182718,0.003
2318873203,2318873113,0.006
2318873203,2318873089,0.009
2318873113,2318873203,0.006
3665314689,3665314688,0.014
3665314688,1450274269,0.009
3665314688,1450274270,0.003
3665314688,3665314689,0.014
773425847,773426355,0.002
773425847,773425959,0.023
9581788530,910144813,0.002
9581788530,910122372,0.006
910144813,910123222,0.019
910144813,9581788530,0.002
910123222,5326192984,0.004
910123222,910144813,0.019
5326192984,910144765,0.014
5326192984,910123222,0.004
910144765,910144834,0.005
910144765,5326192984,0.014
910144834,910144765,0.005
3665384714,5861314402,0.011
3665384714,3665384671,0.009
3665384671,3665384714,0.009
5861314402,3665384934,0.005
5861314402,3665384714,0.011
3665384934,5861314402,0.005
1137141562,10705465535,0.002
1137141562,1137141497,0.004
10705465535,1137141669,0.002
10705465535,1137141562,0.002
1137141669,10705465534,0.001
1137141669,10705465535,0.002
10705465534,1137141526,0.001
10705465534,1137141669,0.001
1137141526,1137141544,0.002
1137141526,10705465534,0.001
1137141544,1137141605,0.003
1137141544,1137141526,0.002
1137141605,3665380886,0.003
1137141605,1137141544,0.003
3665380886,3665380913,0.004
3665380886,1137141605,0.003
1137141575,1137141586,0.002
1137141575,3665380885,0.012
3665380885,3665380913,0.005
3665380885,1137141575,0.012
1137141586,1137141656,0.002
1137141586,1137141575,0.002
1137141656,1137141592,0.003
1137141656,1137141586,0.002
1137141592,1137141660,0.003
1137141592,1137141656,0.003
1137141660,1137141474,0.003
1137141660,1137141592,0.003
1137141474,1137141533,0.003
1137141474,1137141660,0.003
1137141533,1137141647,0.002
1137141533,1137141474,0.003
1137141647,3665380915,0.013
1137141647,1137141533,0.002
3665380915,1137141497,0.007
3665380915,1137141647,0.013
3665380913,3665380885,0.005
3665380913,3665380886,0.004
1137141540,1137141560,0.004
1137141540,1137141641,0.002
1137141560,1137141620,0.003
1137141560,1137141540,0.004
1137141620,1137141522,0.003
1137141620,1137141560,0.003
1137141522,1137141584,0.003
1137141522,1137141620,0.003
1137141584,1137141603,0.018
1137141584,1137141522,0.003
1137141603,1137141667,0.003
1137141603,1137141584,0.018
1137141667,1137141572,0.003
1137141667,1137141603,0.003
1137141572,1137141634,0.003
1137141572,1137141667,0.003
1137141634,1137141654,0.002
1137141634,1137141572,0.003
1137141654,1137141507,0.002
1137141654,1137141634,0.002
1137141507,1137141579,0.003
1137141507,1137141654,0.002
1137141579,1137141641,0.021
1137141579,1137141507,0.003
1235493708,1235493634,0.009
1235493708,1235493494,0.003
1235493494,1235493708,0.003
1235493634,1235493708,0.009
5365456428,4601057280,0.008
4601057280,4601057281,0.007
4601057281,4601057282,0.009
4601057282,9522439541,0.005
9522439541,4601057283,0.005
4601057283,9522439540,0.004
9522439540,5365456429,0.003
5365456429,5365456430,0.012
3709386000,3709386001,0.002
3709386001,3709386002,0.002
3709386002,3709386003,0.002
3709386003,5326193020,0.004
3709386003,3709386004,0.002
3709386004,3709386005,0.002
3709386005,3709385989,0.002
3709385989,3709385990,0.001
3709385990,3709385991,0.001
3709385991,3709385992,0.001
3709385992,3709385993,0.001
3709385993,3709385998,0.001
3709385998,737164594,0.001
3709385999,3709385994,0.001
3709385994,3709385995,0.002
3709385995,3709385996,0.002
3709385996,3709385997,0.002
3709385997,739193105,0.002
3709414125,3709414126,0.015
3709414125,867744319,0.011
867744319,3709414125,0.011
3709414126,3709414125,0.015
6416854310,4119564989,0.003
6416854310,5326193077,0.003
5326193077,5326193067,0.002
5326193077,5326193066,0.002
5326193077,6416854310,0.003
4119564989,737167792,0.013
4119564989,6416854310,0.003
737167792,122015727,0.027
737167792,4119564989,0.013
122015727,867744412,0.009
122015727,737167792,0.027
5326193079,5326193053,0.006
5326193079,1448557589,0.029
867744412,6418296255,0.004
867744412,122015727,0.009
6418296255,726963312,0.004
6418296255,867744412,0.004
3709414148,6418296254,0.009
3709414148,726963312,0.008
6418296254,5326192204,0.002
6418296254,3709414148,0.009
5326192204,2145028958,0.002
5326192204,6418296254,0.002
2145028958,3700410692,0.039
2145028958,5326192204,0.002
3700410692,122023144,0.005
3700410692,2145028958,0.039
11071646599,11071646600,0.007
11071646599,11234980665,0.007
11071646599,4368928746,0.009
4368928746,11071646602,0.009
4368928746,11071646599,0.009
11234980665,11234980664,0.006
11234980665,9611424204,0.007
11234980665,11071646599,0.007
9611424204,9611424205,0.007
9611424204,6235390988,0.011
9611424204,11234980665,0.007
6235390988,6321541153,0.006
6235390988,6209393683,0.010
6235390988,9611424204,0.011
6209393683,9611424231,0.007
6209393683,6209393684,0.006
6209393683,6235390995,0.024
6209393683,6235390988,0.010
6235390995,11071646596,0.010
6235390995,6209393683,0.024
11071646596,6235391008,0.014
11071646596,6235390995,0.010
6235391008,11071646593,0.002
6235391008,11071646596,0.014
11071646593,4368928745,0.015
11071646593,6235391008,0.002
4368928745,11071646593,0.015
4368928748,1137141637,0.034
4368928748,4368928749,0.032
4368928749,1209623097,0.043
4368928749,4368928748,0.032
1209623097,4368928749,0.043
1209623097,122039721,0.008
122039721,1209623989,0.006
122039721,1209624861,0.009
122039721,1209625084,0.009
122039721,1209623097,0.008
1137141519,11071646602,0.023
1137141519,122045550,0.006
11071646602,11071646603,0.007
11071646602,4368928746,0.009
11071646602,1137141519,0.023
1209625295,121997149,0.010
1137141637,122045550,0.005
1137141637,4368928748,0.034
1209627565,1209626665,0.007
6426496929,6426496982,0.008
6426496929,1209623989,0.042
6426496929,4368928750,0.003
961153064,748739365,0.009
748739365,748739368,0.017
748739368,4368928757,0.018
1209625011,1209623507,0.010
1209623507,1209626127,0.007
1209626127,1209624566,0.006
1209624566,1209623080,0.006
1209625084,1449286470,0.018
1209625084,122039721,0.009
1449288416,122023149,0.004
1449288416,4375066464,0.018
122023149,2411831900,0.008
122023149,2411831893,0.005
122023149,2411831895,0.005
122023149,1449288416,0.004
2411831895,2271866658,0.011
2411831895,122023149,0.005
3700410715,3709386006,0.014
9584134627,9584134626,0.005
9584134627,9584134618,0.005
9584134627,122011347,0.044
9584134618,9584134619,0.005
9584134618,4375066462,0.016
9584134618,9584134627,0.005
4375066462,2411831893,0.035
4375066462,9584134618,0.016
2411831893,122023149,0.005
2411831893,4375066462,0.035
3709386010,121996374,0.004
3709386010,4375066466,0.019
4375066466,2318873180,0.022
4375066466,3709386010,0.019
2411831900,4375066465,0.026
2411831900,122023149,0.008
4375066465,2271866680,0.009
4375066465,2411831900,0.026
4375066457,1137141525,0.017
4375066457,773425772,0.010
1137141617,6235389964,0.031
1137141617,122045550,0.009
6235389964,1136230415,0.010
6235389964,1137141525,0.004
6235389964,1137141617,0.031
6426496926,6426496928,0.005
6426496926,1209624861,0.016
6426496926,4376747495,0.016
4376747495,6426496926,0.016
1209624861,122039721,0.009
1209624861,6426496926,0.016
748739366,3665314665,0.004
3665314665,3665314660,0.002
3665314660,121996681,0.005
4601049822,4601049821,0.002
4601049821,4601049820,0.002
4601049820,4601049819,0.002
4601049819,4601049818,0.002
4601049818,748739377,0.002
4601049488,4601049817,0.002
4601049817,9522382198,0.002
748739364,4601049816,0.002
4601049816,4601049815,0.002
4601049815,9522382200,0.002
9522382200,4601049809,0.002
4601049809,4601049814,0.002
4601049814,4601049813,0.002
4601049813,4601049812,0.002
4601049812,4601049811,0.002
4601049811,4601049810,0.002
4601049810,9522382201,0.002
9522382201,4601049823,0.002
5326192990,5998300827,0.036
5326192990,5326193005,0.005
5998300827,5326192990,0.036
5326193016,5326193015,0.003
5326193016,5326193017,0.005
5326193017,5326193018,0.002
5326193017,5326193007,0.004
5326193017,5326193016,0.005
5326193015,5326193014,0.003
5326193015,5326193016,0.003
5326193014,5326193013,0.003
5326193014,5326193015,0.003
5326193013,10702194715,0.001
5326193013,5326193014,0.003
10702194715,5326193012,0.001
10702194715,5326193013,0.001
5326193012,5326193011,0.002
5326193012,10702194715,0.001
5326193011,5326193010,0.003
5326193011,5326193012,0.002
5326193010,5326193009,0.003
5326193010,5326193011,0.003
5326193009,5326193008,0.003
5326193009,5326193010,0.003
5326193008,5326193007,0.003
5326193008,5326193009,0.003
5326193007,5326193017,0.004
5326193007,5326193008,0.003
5326193020,5326193019,0.006
5326193020,3709386003,0.004
5326193019,5326193018,0.005
5326193019,5326193020,0.006
5326193018,5326193017,0.002
5326193018,5326193019,0.005
5326193046,5326193045,0.012
5326193046,5326193047,0.005
5326193045,5326193044,0.014
5326193045,5326193046,0.012
5326193044,5326193043,0.005
5326193044,5326193045,0.014
5326193051,5326193050,0.004
5326193051,5326193052,0.008
5326193052,5326193051,0.008
5326193050,5326193049,0.003
5326193050,5326193051,0.004
5326193057,1449283607,0.002
5326193057,5326193058,0.002
5326193058,5326193059,0.002
5326193058,5326193055,0.007
5326193058,5326193057,0.002
1449283607,5326193076,0.002
1449283607,5326193057,0.002
5326193055,5326193054,0.005
5326193054,5326193079,0.006
5326193076,5326193075,0.001
5326193076,1449283607,0.002
5326193075,5326193074,0.003
5326193075,5326193076,0.001
5326193066,5326193065,0.002
5326193066,5326193077,0.002
5326193065,5326193064,0.002
5326193065,5326193066,0.002
5326193064,5326193063,0.002
5326193064,5326193065,0.002
5326193063,5326193062,0.002
5326193063,5326193064,0.002
5326193062,5326193061,0.002
5326193062,5326193063,0.002
5326193061,5326193060,0.002
5326193061,5326193062,0.002
5326193060,5326193059,0.002
5326193060,5326193061,0.002
5326193059,5326193058,0.002
5326193059,5326193060,0.002
5326193074,5326193073,0.002
5326193074,5326193075,0.003
5326193073,5326193072,0.002
5326193073,5326193074,0.002
5326193072,5326193071,0.002
5326193072,5326193073,0.002
5326193071,5326193070,0.002
5326193071,5326193072,0.002
5326193070,5326193069,0.002
5326193070,5326193071,0.002
5326193069,5326193068,0.002
5326193069,5326193070,0.002
5326193068,5326193067,0.002
5326193068,5326193069,0.002
5326193067,5326193077,0.002
5326193067,5326193068,0.002
5326193053,4119564991,0.004
4119564991,5326193075,0.007
5326193097,5326193096,0.015
5326193097,2272006308,0.003
5326193096,5326193097,0.015
5803885557,5336120417,0.030
9354341075,9503319115,0.005
9354341075,5336120687,0.006
5336120687,9354341075,0.006
9503319115,5336120686,0.008
9503319115,9354341075,0.005
5336120686,9503319115,0.008
9354341070,5336120724,0.018
9354341070,5336120725,0.005
5336120724,9354341070,0.018
5336120738,9307675604,0.004
5336120738,5336120742,0.003
5336120738,5336120739,0.012
5336120738,5336120740,0.015
5336120740,5336120738,0.015
5336120739,5336120738,0.012
5336120744,5336120743,0.002
5336120744,5336120745,0.020
5336120743,5336120742,0.001
5336120743,5336120744,0.002
5336120742,5336120738,0.003
5336120742,5336120743,0.001
9307675604,5336120741,0.005
9307675604,5336120738,0.004
5336120741,9307675604,0.005
5336120751,9503319155,0.016
5336120751,5336120752,0.011
9503319155,5336120750,0.000
9503319155,5336120751,0.016
5336120750,9503319155,0.000
5365456430,3700438956,0.001
3700438956,121996691,0.005
5365456447,5365456449,0.019
5365456447,775457191,0.004
5365456448,737164601,0.004
5365456448,773426380,0.015
961153409,5365456449,0.003
961153409,1209624983,0.004
5365456449,5365456447,0.019
5365456449,961153409,0.003
122015689,773425942,0.008
122015689,910144762,0.012
737164602,737164599,0.020
737164602,1448552913,0.008
737164599,1448552914,0.014
737164599,737164602,0.020
1448552915,122015696,0.011
1448552915,1448552914,0.004
5959576996,5959576997,0.003
5959576996,5959576995,0.006
5959576997,5959576998,0.004
5959576997,5959576996,0.003
5959576998,5959576994,0.004
5959576998,5959576997,0.004
5959576994,5959576998,0.004
1235493552,1235493426,0.036
1235493552,5959577001,0.008
1235493426,10702194819,0.003
1235493426,1235493552,0.036
10702194819,10702194818,0.022
10702194819,1235493426,0.003
10702194818,10702194817,0.023
10702194818,10702194819,0.022
10702194817,10702194818,0.023
5998300829,5998300839,0.003
5998300829,5998300832,0.003
5998300829,5998300828,0.006
5998300832,5998300833,0.006
5998300832,5998300830,0.006
5998300832,5998300829,0.003
5998300830,5998300831,0.014
5998300830,5998300832,0.006
5998300831,5998300830,0.014
5998300833,5998300834,0.002
5998300833,5998300832,0.006
5998300834,5998300835,0.003
5998300834,5998300833,0.002
5998300835,5998300836,0.002
5998300835,5998300834,0.003
5998300836,5998300837,0.002
5998300836,5998300835,0.002
5998300837,5998300838,0.003
5998300837,5998300836,0.002
5998300838,5998300839,0.003
5998300838,5998300837,0.003
5998300839,5998300829,0.003
5998300839,5998300838,0.003
6209393684,6209393785,0.046
6209393684,6209393683,0.006
6209393785,6209393786,0.017
6209393785,6209393684,0.046
6209393786,6209393785,0.017
1136230415,6235389963,0.039
6235389963,11234980661,0.001
11234980661,6235389962,0.001
6235389962,6235390985,0.006
6235389962,6235389961,0.003
6235389961,6235389960,0.028
6321541153,6235390986,0.023
6321541153,6235390988,0.006
6235390986,11234938719,0.009
6235390986,6321541153,0.023
11234938719,6235390985,0.015
11234938719,6235390986,0.009
6235390985,11234980664,0.032
6235390985,6235389962,0.006
6235390985,11234938719,0.015
6384390220,6384390219,0.002
6426496928,6426496932,0.006
6426496928,6426496926,0.005
6426496932,9630346206,0.016
6426496932,6426496928,0.006
9630346206,9630346205,0.011
9630346206,6426496932,0.016
1209623989,122039721,0.006
1209623989,6426496929,0.042
6426496930,6426496982,0.007
6426496930,6426496927,0.009
6426496930,6426496931,0.036
6426496931,6426496932,0.010
6426496940,6426496941,0.035
6426496941,6426496942,0.009
6426496942,6426496943,0.035
6426496944,6426496927,0.020
6426496944,6426496933,0.007
6426496933,6426496944,0.007
6426496927,6426496930,0.009
6426496927,9630346205,0.009
6426496927,6426496944,0.020
9630346205,6426496927,0.009
9630346205,9630346206,0.011
6426496982,6426496929,0.008
6426496982,6426496930,0.007
6913861985,6913861989,0.001
6913861986,6913861987,0.002
6913861987,6913861988,0.002
6913861988,6913773871,0.002
6913773871,6913773872,0.002
6913773872,6913773873,0.002
6913773874,6913773875,0.002
6913773875,3700410694,0.001
3700410694,6913861990,0.011
3700410694,6913773882,0.001
6913773882,6913773883,0.002
6913773883,6913773884,0.002
6913773884,5326193237,0.002
5326193237,6913773876,0.002
6913773876,6913773877,0.002
6913773877,6913773878,0.002
6913773878,6913773879,0.002
6913773879,6913773880,0.002
6913773880,6913773881,0.002
6913773881,6913861985,0.002
6913861991,6913861992,0.011
6913861991,9563363745,0.009
6913861991,6913861990,0.047
6913861990,3700410694,0.011
6913861990,6913861993,0.010
6913861990,6913861991,0.047
9563363745,6913861991,0.009
9563363745,773426343,0.002
6913861992,6913861993,0.047
6913861992,6913861991,0.011
6913861993,6913861990,0.010
6913861993,867744199,0.005
6913861993,6913861992,0.047
6913861997,6913861998,0.035
6913861997,6913861999,0.012
6913861997,6913861994,0.012
6913861994,6913861996,0.035
6913861994,6913861997,0.012
6913861999,6913862000,0.035
6913861999,6913862001,0.010
6913861999,6913861997,0.012
6913862001,6913862002,0.035
6913862001,773426088,0.011
6913862001,6913861999,0.010
6913862002,6913862001,0.035
6913862002,6913862000,0.011
6913862002,6913861995,0.011
6913862000,6913861999,0.035
6913862000,6913861998,0.012
6913862000,6913862002,0.011
6913861998,6913861997,0.035
6913861998,6913861996,0.012
6913861998,6913862000,0.012
6913861996,6913861994,0.035
6913861996,6913861998,0.012
8595474167,8595474168,0.010
8595474167,8595474166,0.005
8595474168,8595474169,0.001
8595474168,8595474167,0.010
8595474169,8595474170,0.001
8595474169,8595474168,0.001
8595474170,8595474171,0.019
8595474170,8595474169,0.001
8595474171,8595474170,0.019
8597151762,8597151761,0.015
8601209838,8601209839,0.025
8601209838,8601209837,0.004
8601209839,8601209840,0.002
8601209839,8601209838,0.025
8601209840,8601209841,0.002
8601209840,8601209839,0.002
8601209841,8601209842,0.008
8601209841,8601209840,0.002
8601209842,8601209843,0.005
8601209842,8601209841,0.008
8601209843,8601209844,0.006
8601209843,8601209842,0.005
8601209844,8601209845,0.004
8601209844,8601209843,0.006
8602376464,9354639689,0.035
8602376464,8602376463,0.005
9354639689,9354639688,0.007
9354639689,8602376464,0.035
9354639688,8602376465,0.008
9354639688,9354639689,0.007
8602376465,9354639688,0.008
8693608341,8693608342,0.002
8693608341,8693608340,0.004
8693608342,8693608343,0.027
8693608342,8693608341,0.002
8693608343,8693608344,0.002
8693608343,8693608342,0.027
8693608346,8693608347,0.002
8693608346,8693608345,0.004
8693608347,8693608348,0.027
8693608347,8693608346,0.002
8693608348,8693608349,0.002
8693608348,8693608347,0.027
1209623491,121996681,0.009
961153129,1209626900,0.026
1209626900,1209623297,0.005
8766895279,1529134361,0.014
8766895279,121996691,0.022
9333191020,9333191021,0.004
9333191021,9333191022,0.004
9333191022,9333191023,0.003
9333191023,9333191024,0.003
9333191024,9333191025,0.005
9354639725,9354639727,0.002
9354639725,9354639724,0.005
9354639727,9354639726,0.007
9354639727,9354639725,0.002
9354639726,9354639727,0.007
1846187283,773426429,0.004
1846187283,121996374,0.005
773426429,773425910,0.007
773426429,1846187283,0.004
773425910,961153106,0.004
773425910,773426429,0.007
961153106,773426325,0.003
961153106,773425910,0.004
773426325,773426239,0.008
773426325,961153106,0.003
773426239,773425940,0.009
773426239,773426325,0.008
773425940,773425902,0.022
773425940,773426239,0.009
867744094,3128603431,0.002
867744094,773425902,0.005
3128603431,867744199,0.004
3128603431,867744094,0.002
867744199,6913861993,0.005
867744199,3128603431,0.004
9503319108,9503319109,0.003
9503319108,9503319107,0.008
9503319109,9503319110,0.002
9503319109,9503319108,0.003
9503319110,9503319111,0.005
9503319110,9503319109,0.002
9503319111,9503319112,0.007
9503319111,9503319110,0.005
9503319112,9503319113,0.002
9503319112,9503319111,0.007
9503319113,9503319114,0.005
9503319113,9503319112,0.002
9503319114,9503319113,0.005
9584134619,9584134620,0.030
9584134619,9584134618,0.005
9584134620,9584134623,0.006
9584134620,9584134619,0.030
9584134623,9584134624,0.012
9584134623,9584134621,0.000
9584134623,9584134620,0.006
9584134621,9584134622,0.008
9584134621,9584134623,0.000
9584134622,9584134621,0.008
9584134624,9584134625,0.011
9584134624,9584134623,0.012
9584134625,9584134626,0.007
9584134625,9584134624,0.011
9584134626,9584134627,0.005
9584134626,9584134625,0.007
9611424205,9611424206,0.015
9611424205,9611424204,0.007
9611424206,9611424210,0.006
9611424206,9611424207,0.006
9611424206,9611424205,0.015
9611424207,9611424208,0.008
9611424207,9611424206,0.006
9611424208,9611424209,0.012
9611424208,9611424207,0.008
9611424209,9611424210,0.008
9611424209,9611424208,0.012
9611424210,9611424206,0.006
9611424210,9611424209,0.008
9611424231,9611424232,0.018
9611424231,6209393683,0.007
9611424232,9611424233,0.004
9611424232,9611424231,0.018
9611424233,9611424232,0.004
9630346199,9630346200,0.012
9630346199,9630346198,0.003
9630346200,9630346201,0.022
9630346200,9630346199,0.012
9630346201,9630346200,0.022
3665314663,1450274270,0.022
3665314663,1209625574,0.006
1450274268,9907938322,0.005
1450274268,1450274269,0.010
9907938322,1450274267,0.004
9907938322,1450274268,0.005
1450274267,3665314718,0.024
1450274267,9907938322,0.004
3665314718,1450274267,0.024
10291817341,10291817342,0.008
10291817341,5326193089,0.003
5326193089,10291817341,0.003
10291817342,10291876046,0.028
10291817342,10291817341,0.008
10291876046,10291817342,0.028
11071646600,11071646601,0.013
11071646600,11071646599,0.007
11071646601,11071646600,0.013
11071646603,11071646604,0.009
11071646603,11071646602,0.007
11071646604,11071659505,0.013
11071646604,11071646603,0.009
11071659505,11071646604,0.013
11234980664,11234980665,0.006
11234980664,6235390985,0.032
